Пространство имён,Заголовок страницы,Дата,Исходный размер,Текущий размер
0,"Бркляча, Марко",2021-10-20 06:24,3077,5722
0,"Диамбу, Мамади",2021-10-13 05:50,6413,6469
0,"Конате, Карим",2021-10-11 05:49,4343,5438
0,"Бесио, Алессио",2021-10-08 06:28,3351,5682
0,"Макуана, Бени",2021-10-04 06:47,4959,7288
0,"Тучный, Адам",2021-09-10 06:39,3848,6156
0,"Хансен, Мадс (футболист, 2002)",2021-09-09 06:05,3670,5487
0,"Йенсен Вассберг, Никлас",2021-09-08 05:58,3565,5655
0,"Зайвальд, Николас",2021-09-06 06:19,5389,11279
0,"Кукучка, Михал",2021-09-03 05:50,5119,5502
0,"Гори (футболист)",2021-09-02 06:11,5707,6365
0,"Гиндо, Дауда",2021-09-01 06:11,5505,6313
0,"Васкес, Хесус (футболист, 2003)",2021-08-31 06:35,5101,7738
0,"Канчельери, Маттео",2021-08-30 06:24,4445,5108
0,"Лавринчик, Самуэль",2021-08-27 06:22,4121,6524
0,"Фелипе Аугусто (футболист, 2004)",2021-08-26 06:03,4015,4432
0,"Лобете, Юлен",2021-08-25 06:45,7290,7889
0,"Акман, Али",2021-08-24 07:09,6923,9102
0,"Сатриано, Мартин",2021-08-23 06:49,2751,4653
0,"Ристанич, Филип",2021-08-23 06:21,5557,5686
0,"Поку, Эрнест",2021-08-19 06:16,3971,6280
0,"Бидструп, Мадс",2021-08-18 06:46,4785,8560
0,"Ортис, Педро",2021-08-17 06:29,6469,7027
0,"Ромеро, Иван",2021-08-16 07:11,2638,6213
0,"Ливраменто, Тино",2021-08-16 06:03,4341,8742
0,"Эстев, Максим",2021-08-13 06:17,5505,5847
0,"Кулибали, Лассо",2021-08-12 06:31,4047,4055
0,"Фаллениус, Оскар",2021-08-11 06:46,7203,8765
0,"Рохас, Джейсон",2021-08-10 06:30,4915,4913
0,"Мерлен, Кентен",2021-08-09 06:53,6819,7612
0,"Люкеба, Кастелло",2021-08-07 16:57,2900,4951
0,"Гутьеррес, Даниэль Адемир",2021-08-07 09:01,4968,4990
0,"Павлович, Дамьян",2021-08-06 10:22,5181,5244
0,"Дюмон, Оливье",2021-08-05 08:40,3936,4477
0,"Кутицкий, Александр Олегович",2021-07-24 06:01,3460,6052
0,"Ротс, Дан",2021-07-23 06:19,4630,5105
0,"Брюнс, Макс",2021-07-23 06:01,4546,5027
0,"Фила, Даниэл",2021-07-22 06:18,4849,7634
0,"Талес Коста",2021-07-21 06:19,6197,7682
0,"Маркиньос (футболист, 2003)",2021-07-20 06:53,4858,5277
0,"Балк, Ремко",2021-07-19 06:29,5509,5509
0,"Борча, Валентин",2021-07-17 06:21,3861,5170
0,"Мартинс Силва дос Сантос, Матеус",2021-07-16 06:26,4443,4685
0,"Бёвинг, Уильям",2021-07-15 07:27,5873,6393
0,"Хойлунн, Расмус",2021-07-14 06:48,4540,5257
0,"Анхель, Томас",2021-07-13 06:01,4069,5771
0,"Лазетич, Марко",2021-07-12 06:31,4441,4881
0,"Мартель, Эрик",2021-07-11 06:24,3850,6147
0,"Уильямс, Нико",2021-07-10 07:31,3725,7226
0,"Гажи, Адам",2021-07-09 06:36,3140,4543
0,"Вольфе, Давид Мёллер",2021-07-09 06:06,4557,4811
0,"Качавенда, Лукас",2021-07-08 06:44,3867,4205
0,"Райан Лука",2021-07-08 06:05,3389,3643
0,"Кисель, Якуб",2021-07-07 06:07,3927,4798
0,"Ван Оттеле, Сиб",2021-07-06 11:10,5581,6187
0,"Габриэл Тейшейра",2021-07-06 06:08,5027,6300
0,"Винисиус Мело",2021-07-05 06:50,3555,4007
0,"Ятта, Сеедю",2021-07-04 07:40,4649,5000
0,"Ван ден Берг, Рав",2021-07-03 09:30,3456,4764
0,"Сиссоко, Иссуф",2021-07-02 06:05,4997,5259
0,"Гайдош, Артур",2021-07-01 11:04,3779,3761
0,"Траоре, Бени Адама",2021-07-01 06:46,3757,4618
0,"Любичич, Марин (футболист, 2002)",2021-07-01 06:20,5535,5516
0,"Фофана, Давид Датро",2021-06-30 06:28,3079,5533
0,"Бордушану, Антонио",2021-06-29 06:15,2935,2937
0,"Лагсир, Самир",2021-06-28 06:12,3225,4165
0,"Лопи, Дион",2021-06-25 06:22,4965,5070
0,"Демитра, Лукас",2021-06-24 06:34,4093,4208
0,"Лако, Том",2021-06-24 06:05,4291,4291
0,"Нагера, Кенни",2021-06-23 06:51,3523,5519
0,"Мораиш, Тиагу",2021-06-23 06:22,4009,4006
0,"Шамун, Ноа",2021-06-22 06:08,2781,5218
0,"Бове, Эдоардо",2021-06-21 06:46,3935,4414
0,"Вишинский, Денис",2021-06-21 06:17,4431,5610
0,"Суаре, Шейк",2021-06-20 07:44,4655,5644
0,"Мара, Секу",2021-06-19 15:40,2948,6605
0,"Гюсто, Мало",2021-06-19 08:31,2942,5037
0,"Мишу, Эдуар",2021-06-19 07:50,3381,6129
0,"Жуан Роберту Рота Нету",2021-06-18 18:39,3983,4013
0,"Амаро, Андре",2021-06-18 11:40,4446,4893
0,"Бертини, Марко",2021-06-18 07:26,2789,3533
0,"Рикардо Виана Фильо",2021-06-18 06:43,4290,4935
0,"Витик, Мартин",2021-06-17 07:24,5045,6408
0,"Джордж, Ваутер",2021-06-16 06:13,2242,4373
0,"Павлидис, Василиос (футболист)",2021-06-15 10:08,3920,4416
0,"Нуньес, Марселино",2021-06-15 06:54,4848,4924
0,"Монтес, Клементе",2021-06-15 06:01,4782,5756
0,"Аррьягада, Лусиано",2021-06-14 16:09,3669,4635
0,"Гонсалес Орельяна, Даниэль",2021-06-14 11:37,2775,7033
0,"Огайо, Ноа",2021-06-12 08:21,3699,5173
0,"Ннамани, Эмека",2021-06-11 20:27,3255,3643
0,"Бальде, Алиу",2021-06-11 19:44,4148,4135
0,"Стажиньский, Пётр",2021-06-11 06:34,2586,5095
0,"Густаво Гарсия дос Сантос",2021-06-11 06:15,4533,4550
0,"Ахамада, Науиру",2021-06-10 07:02,4641,5963
0,"Шаранич, Иван",2021-06-09 11:38,2902,5639
0,"Диркнер, Йонас",2021-06-09 10:20,2572,4707
0,"Ханнесбо, Маркус",2021-06-08 16:48,3479,3485
0,"Винклер, Мартен",2021-06-08 15:33,4510,4545
0,"Силла, Юссуф",2021-06-05 10:16,3332,3299
0,"Перес, Даниэль (футболист, 2002)",2021-05-07 08:57,2806,3006
0,"Карамоко, Исаак",2021-05-05 06:18,3276,3757
0,"Оддей, Брайан",2021-05-03 10:55,3029,3504
0,"Чиоффи, Антонио",2021-01-18 06:33,3809,3792
0,"Струйкенс, Марио",2021-01-16 08:30,2511,4314
0,"Муэффек, Аймен",2021-01-14 07:00,4326,4707
0,"Йон, Марко",2021-01-13 06:34,6097,6460
0,"Applied Materials",2020-12-20 12:02,9612,10641
0,"Гоно, Мирослав",2020-12-18 06:27,6040,6234
0,"Честич, Сава-Арангел",2020-12-17 06:17,3148,7789
0,"Сима, Абдалла",2020-12-16 06:28,5109,5514
0,"Калюлю, Пьер",2020-12-14 05:59,2946,7778
0,"Тумма, Гергей",2020-12-12 11:45,3007,5710
0,"Онур, Самед",2020-12-12 10:36,3549,3843
0,"Кларксон, Лейтон",2020-12-11 07:04,2171,6135
0,"Кнауфф, Ансгар",2020-12-08 19:43,861,5200
0,"Данилюк, Флавиус",2020-12-08 06:45,2943,7236
0,"Вергани, Эдоардо",2020-12-06 08:50,2847,6288
0,"Тюркмен, Джем",2020-12-04 05:59,3693,4497
0,"Дрэгушин, Раду",2020-12-03 05:53,2416,5717
0,"Агирре, Брайан",2020-12-02 06:48,3251,5360
0,"Пембеле, Тимоте",2020-11-29 08:08,2428,6471
0,"Уайт, Харви (футболист)",2020-11-28 09:09,3516,4746
0,"Калафьори, Риккардо",2020-11-27 08:02,2353,4782
0,"Гедикли, Эмрехан",2020-11-27 06:58,2617,4294
0,"Скарлетт, Дейн",2020-11-27 06:15,2233,4357
0,"Трипи, Филиппо",2020-11-27 05:53,1959,3105
0,"Схипперс, Винсент",2020-11-24 06:38,4355,4448
0,"Траоре, Амаду",2020-11-23 06:18,2636,4564
0,"Попеску, Октавиан (футболист, 2002)",2020-11-22 09:41,3169,4245
0,"Пантович, Милош (футболист, 2002)",2020-11-21 07:54,2744,5462
0,"Сантос де Оливейра, Данило дос",2020-11-20 21:46,3274,6231
0,"Суслов, Томаш",2020-11-19 05:53,938,6885
0,"Сьерра-Каппеллети, Элиас",2020-11-18 06:18,2770,5008
0,"Цингарас, Теохарис",2020-11-17 06:18,4401,5057
0,"Роза да Силва, Луис Энрике Андре",2020-11-15 09:45,1839,4157
0,"Жуан Виктор (футболист, 2002)",2020-11-15 09:22,2599,2659
0,"Зеркан, Мехди",2020-11-13 07:42,2548,6016
0,"Михаилидис, Яннис",2020-11-12 06:14,2586,6502
0,"Ондрейка, Якоб",2020-11-11 06:44,4510,4999
0,"Файн, Адриан",2020-11-09 06:54,1055,10373
0,"Хьёлё, Матиас",2020-11-09 06:22,2646,6169
0,"Фработта, Джанлука",2020-11-08 21:29,3201,7879
0,"Саррага, Ойер",2020-11-07 10:16,2246,4823
0,"Мбом, Жан-Мануэль",2020-11-07 07:14,3908,7856
0,"Ниньо, Фер",2020-11-06 06:49,2730,5838
0,"Миланезе, Томмазо",2020-11-06 05:51,792,4756
0,"Тюкавин, Константин Александрович",2020-11-03 07:42,3742,9411
0,"Захарян, Арсен Норайрович",2020-11-01 22:29,2664,11993
0,"Луис Фелипе",2020-11-01 22:10,2446,3690
0,"Сайбари, Исмаэль",2020-11-01 19:03,2154,4588
0,"Матазо, Элиот",2020-10-31 09:16,2709,4073
0,"Цолакис, Константинос",2020-10-30 06:48,3028,5118
0,"Чиж, Шимон",2020-10-29 06:23,2522,5407
0,"Уильямс, Рис (футболист, 2001)",2020-10-28 05:56,2868,7283
0,"Эссанусси, Вассим",2020-10-27 06:47,2336,2973
0,"Нлундулу, Дэн",2020-10-26 13:01,3354,4655
0,"Райц, Рокко",2020-10-24 15:04,2464,4101
0,"Пино, Ереми",2020-10-24 06:24,3776,5513
0,"Кларк, Джек (футболист)",2020-10-23 06:13,4189,9098
0,"Манхуф, Миллион",2020-10-22 12:42,3159,3826
0,"Мадсен, Николас",2020-10-22 06:27,3301,6556
0,"Мантуан, Густаво",2020-10-20 06:48,2233,3264
0,"Хёйсман, Дан",2020-10-19 10:35,2290,3431
0,"Эглофф, Лилиан",2020-10-19 06:16,2908,4979
0,"Крейчий, Ладислав (1999)",2020-10-18 10:00,3344,5636
0,"Каррейра, Серхио",2020-10-18 09:11,3701,3973
0,"Вильхельмссон, Оскар",2020-10-17 10:31,3551,4669
0,"Кулибали, Танги",2020-10-16 06:39,4300,4301
0,"Куциас, Георгиос",2020-10-15 11:46,3206,3226
0,"Эмегха, Эмануэль",2020-10-14 08:14,4365,4755
0,"Арнстад, Кристиан",2020-10-11 20:37,3682,4031
0,"Руис-Атиль, Кайс",2020-10-11 09:10,3417,6134
0,"Прашедес, Бруно",2020-10-10 20:21,2318,5770
0,"Аррибас, Серхио",2020-10-10 11:46,2667,5975
0,"Вош, Джоша",2020-10-10 10:25,2915,4021
0,"Родригес, Мигель",2020-10-10 09:09,4476,5229
0,"Баеса, Мигель",2020-10-09 08:09,3091,5347
0,"Бернардо де Соуза, Натан",2020-10-08 12:51,3308,4645
0,"Ван де Лой, Том",2018-09-13 15:27,2825,3887
0,"Куленович, Сандро",2018-09-09 07:29,4109,9380
0,"Н’Дика, Обит Эван",2018-09-08 05:01,6142,7805
0,"Плогман, Лука",2018-09-04 14:45,4914,7630
0,"Баликвиша, Уильям",2018-09-03 15:09,3343,4728
0,"Валента, Матей",2018-08-31 12:28,1895,5010
0,"Жиро, Матеуш",2018-08-30 15:46,2296,3866
0,"Морено, Серхио (испанский футболист)",2018-08-29 16:41,2392,3786
0,"Ван дер Верфф, Яспер",2018-08-28 09:07,3124,6587
0,"Кейта, Жюль",2018-08-26 09:10,2434,4779
0,"Байер, Луис",2018-08-26 08:32,3059,7631
0,"Кадак, Якуб",2018-08-24 20:10,3627,3370
0,"Соуза Оливейра, Жеан Лукас ди",2018-08-24 14:50,3145,3494
0,"Ноласкоайн, Перу",2018-08-23 10:20,2686,5005
0,"Опенда, Лои",2018-08-22 17:48,4718,4633
0,"Лизиеро, Игор",2018-08-20 17:35,2143,3283
0,"Пуадо, Хави",2018-08-20 17:24,4508,5226
0,"Жуан Феликс",2018-08-19 13:32,3169,16522
0,"Морланес, Мануэль",2018-08-19 11:44,3095,7238
0,"Тулер, Матеус",2018-08-18 07:35,2854,6278
0,"Порро, Педро",2018-08-18 06:42,2552,9563
0,"Сейде, Эмиль",2018-08-16 21:30,3394,4424
0,"Хуссейн, Билаль",2018-08-16 06:45,2243,7642
0,"Ага, Оскар",2018-08-15 20:07,3873,4074
0,"Камара, Махди",2018-08-15 13:23,2770,6138
0,"Хубер, Лука",2018-08-15 11:56,3301,4689
0,"Боаду, Майрон",2018-08-13 22:54,2880,7170
0,"Дабо, Абдулайе",2018-08-13 17:01,2564,4427
0,"Чуамени, Орельен",2018-08-13 09:29,2864,11282
0,"Бернеде, Антуан",2018-08-12 21:46,2842,6472
0,"Дагба, Колен",2018-08-12 21:37,2397,7187
0,"Сирхёйс, Кай",2018-08-12 09:32,3290,12101
0,"Диаби, Ламин",2018-08-12 09:00,3153,5283
0,"Муандилмаджи, Мариус",2018-08-12 07:22,1983,5667
0,"Диоп, Софьян",2018-08-11 15:27,892,5226
0,"Делич, Иван",2018-08-11 09:13,3809,6099
0,"Флемминг, Зиан",2018-08-10 19:41,2661,5334
0,"Майна, Линтон",2018-08-08 17:15,3324,4875
0,"Делькруа, Ханнес",2018-08-07 18:07,5128,6231
0,"Салемакерс, Алексис",2018-08-07 08:52,3437,9816
0,"Марин, Антонио",2018-08-06 17:07,5063,5246
0,"Собослаи, Доминик",2018-08-04 09:23,4803,14819
0,"Баку, Боте",2018-08-03 15:19,4423,8503
0,"Лейте, Диогу",2018-08-03 08:35,5477,6931
0,"Антонуччи, Мирко",2018-08-03 05:55,3551,7042
0,"Аста, Симон",2018-08-02 10:36,2681,5694
0,"Моура, Франсишку",2018-07-31 23:37,4438,4554
0,"Мюре, Феликс Хорн",2018-07-31 23:11,5271,5227
0,"Нунеш, Нуну",2018-07-31 16:23,4026,4030
0,"Борнау, Себастиан",2018-07-30 23:02,4292,6614
0,"Байе, Брандон",2018-07-30 22:30,4628,4784
0,"Карму, Давид",2018-07-30 21:33,4551,4629
0,"Коррея, Тьерри",2018-07-30 21:00,4784,4955
0,"Боркейт, Тобиас",2018-07-30 19:00,3729,3775
0,"Луиш, Флорентину",2018-07-29 19:21,3635,7181
0,"Тринкан, Франсишку",2018-07-29 19:02,3515,10411
0,"Парзайершпитце",2018-07-28 05:34,2283,2527
0,"Давинкопф",2018-07-26 18:34,1724,1831
0,"Мартинш де Соуза, Андре",2017-09-25 08:19,3378,4996
0,"Марсел, Алан",2017-09-25 07:27,1650,3026
0,"Мендес, Браис",2017-09-22 08:34,2187,8851
0,"Ньямси, Жерзино",2017-09-20 15:59,2951,3578
0,"Холанн, Эрлинг",2017-09-20 15:47,5478,37674
0,"Кюизанс, Микаэль",2017-09-20 09:23,4355,6293
0,"Мула, Алекс",2017-09-17 21:59,2431,4049
0,"Ховен, Андреас",2017-09-17 10:06,3389,3954
0,"Венте, Дилан",2017-09-17 09:21,3969,4878
0,"Хелмер, Джереми",2017-09-17 08:58,5198,5228
0,"Пушич, Петар",2017-09-13 07:32,2457,5058
0,"Райс, Деклан",2017-09-12 23:50,2562,18148
0,"Сальседо, Эдди",2017-09-12 23:37,3253,4134
0,"Калигара, Фабрицио",2017-09-12 22:51,708,3861
0,"Ганаго, Игнатиус",2017-09-11 09:22,1729,5297
0,"Хосонов, Хетаг Муратович",2017-09-08 16:30,1265,9641
0,"Ман, Деннис",2017-09-07 21:38,3685,6252
0,"Турнвальд, Мануэль",2017-09-05 09:01,2940,3823
0,"Дейонг, Пол",2017-09-03 19:04,5779,6078
0,"Росарио, Пабло",2017-09-03 09:37,3301,8252
0,"Хайле-Селасси, Марен",2017-09-01 17:58,2839,4509
0,"Милитан, Эдер",2017-08-31 22:16,2218,11153
0,"Валенте, Дуарте",2017-08-31 22:00,2253,3045
0,"Рюгг, Кевин",2017-08-30 18:42,2819,4577
0,"Урсуа, Хавьер",2017-08-29 21:17,1999,2698
0,"Кордоба, Иньиго",2017-08-28 21:36,1822,7120
0,"Нуньес, Унаи",2017-08-28 11:37,2165,5144
0,"Фас, Ваут",2017-08-27 15:45,1001,6152
0,"Туре, Шейк",2017-08-27 15:30,3135,4000
0,"Салас, Луис",2017-08-27 15:06,2634,9287
0,"Мартинес, Джимми",2017-08-23 07:50,852,5858
0,"Пинилья, Филипе",2017-08-22 17:53,920,5413
0,"Арангис, Пабло",2017-08-22 17:42,3324,8922
0,"Росас, Иван",2017-08-22 07:55,902,2935
0,"Поведа, Дарио",2017-08-22 07:20,1499,5011
0,"Фараж, Имад",2017-08-20 21:39,1444,5478
0,"Крал, Алекс",2017-08-20 09:02,3721,29825
0,"Гайгер, Деннис",2017-08-20 08:51,4641,5118
0,"Удуохай, Феликс",2017-08-20 00:46,898,4991
0,"Загаду, Дан-Аксель",2017-08-20 00:35,959,6437
0,"Ладан, Делано",2017-08-18 18:07,3528,3944
0,"Соуза да Силва, Бренер",2017-08-18 17:39,2667,5525
0,"Мингос, Теодорос",2017-08-18 17:08,3718,3600
0,"Эвангелу, Стефанос",2017-08-18 16:55,4292,5116
0,"Эскобар, Рикардо",2017-08-16 07:06,2881,3048
0,"Кубала, Филип",2017-08-16 06:50,3158,5327
0,"Резек, Якуб",2017-08-16 06:38,3298,5556
0,"Дуарте, Дерой",2017-08-16 06:00,3335,3913
0,"Шабо, Джулиан",2017-08-16 05:51,4213,5315
0,"Ваничек, Антонин",2017-08-15 19:04,3338,4063
0,"Мелендес, Рене",2017-08-15 18:19,3486,3613
0,"Лурати, Иван",2017-08-15 18:03,4588,4657
0,"Доан, Рицу",2017-08-15 09:42,3604,7881
0,"Грайциар, Мартин",2017-08-14 17:28,4453,5407
0,"Амброз, Тьерри",2017-08-14 12:55,2764,3247
0,"Фернандес, Паоло",2017-08-14 11:23,2847,3037
0,"Чиривелья, Педро",2017-08-14 11:00,6493,9477
0,"Санчес, Педро (футболист)",2017-08-14 10:32,3961,4230
0,"Лаукарт, Александер",2017-08-14 09:50,4060,4805
0,"Пал, Кеннет",2017-08-14 09:00,5575,5901
0,"Ромо, Хоакин",2017-08-11 13:33,2693,3149
0,"Байрами, Недим",2017-08-11 13:21,4085,4464
0,"Переа, Андрес",2017-08-11 09:20,3249,13562
0,"Угринич, Филип",2017-08-11 08:59,3245,3937
0,"Ллантен, Мисаэль",2017-08-11 08:46,2639,2681
0,"Гранечный, Денис",2017-08-11 08:35,4195,4452
0,"Шмид, Доминик",2017-08-11 08:13,4091,4575
0,"Карреньо, Хайме",2017-08-11 07:56,5431,5741
0,"Кутеса, Дерек",2017-08-10 08:28,5998,7363
0,"Фридек, Кристиан",2017-08-09 08:36,4077,5377
0,"Сепульведа, Матиас",2017-08-09 08:21,3074,3502
0,"Бохинен, Эмиль",2017-08-09 06:45,3617,4974
0,"Вольф, Ханнес (австрийский футболист)",2017-08-08 08:51,5655,7565
0,"Аларкон, Томас",2017-08-08 08:25,2846,3727
0,"Ханче-Ольсен, Андреас",2017-08-08 07:24,4071,4174
0,"Педерсен, Себестьян",2017-08-07 19:48,3831,3720
0,"Балло-Туре, Фоде",2017-08-07 09:10,4037,9823
0,"Лейва, Брайан",2017-08-07 07:56,3642,3712
0,"Айдара, Амаду",2017-08-07 07:26,5914,9297
0,"Суиси, Райан",2017-08-07 06:40,4088,4236
0,"Ньян, Ибраима",2017-08-06 16:19,2846,4507
0,"Нелсон, Рис",2017-08-06 15:43,3942,6321
0,"Маолида, Мизиан",2017-08-06 15:21,3165,5285
0,"Эдквист, Адриан",2017-08-04 08:25,3361,4397
0,"Фернандес Перейра, Пауло Витор",2017-08-04 07:51,3253,3573
0,"Сампайо Фильо, Пауло Энрике",2017-08-04 07:34,2797,6751
0,"Витал, Матеус",2017-08-03 18:35,3052,3661
0,"Мигалик, Ондржей",2017-08-03 18:05,5105,6662
0,"Магнуссон, Исак",2017-08-03 17:27,2773,2801
0,"Провосте, Бранко",2017-08-01 18:13,2772,3794
0,"Крона, Эдвин",2017-08-01 17:46,3533,4091
0,"Эрлингмарк, Аугуст",2017-07-31 17:02,4007,4179
0,"Лундберг, Йонатан",2017-07-28 23:06,3094,3186
0,"Брорссон, Арвид",2017-07-28 22:36,3372,3415
0,"Ветлесен, Уго",2017-07-28 22:15,3200,3354
0,"Карлссон, Йеспер",2017-07-28 20:30,5006,5266
0,"Кьюин, Софьян",2017-07-22 06:17,3440,4230
0,"Лысов, Михаил Павлович",2017-07-21 17:15,896,9418
0,"Моралес Браво, Иван Андрес",2017-07-20 09:10,2177,5852
0,"Хаджикадунич, Деннис",2017-07-20 08:50,3600,5738
0,"Дудл, Вацлав",2017-07-18 09:22,3603,5042
0,"Пири, Кик",2017-07-18 09:02,4130,9826
0,"Дасилва, Джош",2017-07-17 10:59,1552,17505
0,"Кок, Томас",2017-07-17 10:52,2880,4126
0,"Христов, Петко (футболист)",2017-07-17 09:24,2947,4085
0,"Сулейманов, Магомед-Шапи Камильевич",2017-07-16 16:46,917,26368
0,"Эдвардс, Маркус",2017-07-16 09:43,1991,5461
0,"Доззелл, Андре",2017-07-16 09:18,3978,4584
0,"Рамздейл, Эрон",2017-07-16 08:51,4232,6812
0,"Джонсон, Дарнелл",2017-07-16 07:11,1096,3763
0,"Дасилва, Джей",2017-07-15 20:57,4595,11665
0,"Маунт, Мейсон",2017-07-15 20:17,2188,11207
0,"Бреретон, Бен",2017-07-15 20:13,1148,8118
0,"Бакли-Рикеттс, Айзак",2017-07-15 19:53,1010,4474
0,"Нмеча, Лукас",2017-07-15 19:50,978,9694
0,"Сессеньон, Райан",2017-07-15 19:33,1038,11933
0,"Стерлинг, Дюжон",2017-07-15 19:28,2632,4979
0,"Алхафт, Илиас",2017-07-15 19:02,4286,4172
0,"Марков, Евгений Станиславович",2017-07-15 16:43,2668,14018
0,"Мушиту, Даниель",2017-07-14 21:54,2822,2846
0,"Гомес, Иван",2017-07-14 21:42,2766,4053
0,"Ахе, Рагнар",2017-07-14 21:22,3393,4535
0,"Флоранюс, Шерел",2017-07-14 17:37,5985,6439
0,"Каскини, Хуан Баутиста",2017-07-13 09:08,2871,3090
0,"Николау, Димитрис",2017-07-13 08:40,4087,4083
0,"Мантатис, Георгиос",2017-07-13 08:21,4450,5303
0,"Андруцос, Атанасиос",2017-07-13 07:41,4250,4582
0,"Венема, Ник",2017-07-12 10:00,3958,4863
0,"Ван де Берг, Тим",2017-07-12 08:34,3098,2522
0,"Тоньи, Гастон",2017-07-12 07:55,2971,4063
0,"Эджария, Ови",2017-07-12 07:31,4685,6448
0,"Мойя, Матиас",2017-07-11 08:56,2806,3187
0,"Лопес, Франко Алексис",2017-07-11 08:45,2687,3357
0,"Калаица, Бранимир",2017-07-11 07:59,4900,5638
0,"Моро, Никола",2017-07-11 07:30,5336,7631
0,"Калор, Юлиан",2017-07-10 10:12,3243,3431
0,"Файе, Лассана",2017-07-10 10:03,3831,6080
0,"Ван Вейнен, Бас",2017-07-10 09:51,3027,2935
0,"Омюр, Абдулкадир",2017-07-10 09:35,4794,5626
0,"Джордж, Дилан",2017-07-10 08:57,3814,3938
0,"Вейндал, Оуэн",2017-07-10 08:15,3089,4531
0,"Стенгс, Кэлвин",2017-07-09 21:35,3249,4626
0,"Марони, Гонсало",2017-07-08 07:07,4192,5038
0,"Ауар, Уссем",2017-07-07 18:53,3911,6532
0,"Виньято, Эмануэль",2017-07-07 08:28,3683,4427
0,"Деом, Жером",2017-07-05 08:58,3761,3934
0,"Туба, Ахмед",2017-07-04 18:37,3827,4989
0,"Де Смет, Тибо",2017-07-04 10:26,3368,3416
0,"Верстрет, Луи",2017-07-04 09:20,3186,4511
0,"Мёбиус, Юстин",2017-07-02 07:53,5025,5804
0,"Джатта, Бакери",2017-07-01 09:41,3086,5127
0,"Росси, Алессандро (футболист)",2017-06-13 09:31,2967,3129
0,"Мелегони, Филиппо",2017-06-12 07:42,4267,4830
0,"Хамер, Густаво",2017-06-11 21:18,4108,4695
0,"Бастони, Алессандро",2017-06-11 07:25,5195,7764
0,"Пинамонти, Андреа",2017-06-10 07:35,4088,5833
0,"Александер-Арнольд, Трент",2017-01-15 15:48,1991,84019
0,"Лукман, Адемола",2017-01-15 15:30,1282,12243
0,"Клюйверт, Джастин",2017-01-15 15:17,875,8214
0,"Эль-Ханкури, Мохамед",2017-01-15 09:33,2707,4464
0,"Вильяльба, Хулио",2017-01-02 17:47,4086,6010
0,"Перес, Джошуа",2017-01-02 14:27,3639,16554
0,"Оквонкво, Орджи",2017-01-02 12:37,3530,8356
0,"Ло Фасо, Симоне",2017-01-02 12:15,4724,4347
0,"Баркок, Аймен",2016-12-08 17:09,4712,5825
0,"Барнс, Харви",2016-12-08 16:30,3162,26033
0,"Франкини, Симоне",2016-11-03 22:47,2351,
0,"Скопинцев, Дмитрий Владимирович",2016-11-03 22:26,4218,10366
0,"Коббаут, Элиас",2016-10-27 11:06,2156,5176
0,"Стаге, Йенс",2016-10-26 11:06,2399,5164
0,"Бундю, Мустафа",2016-10-26 10:19,2873,4596
0,"Сангаре, Ибраим",2016-10-24 17:31,2341,4398
0,"Терье, Мартен",2016-10-24 13:39,2252,4774
0,"Гендузи, Маттео",2016-10-24 13:24,3730,9451
0,"Йостен, Патрик",2016-10-22 07:14,2853,3384
0,"Листковский, Марцин",2016-10-22 06:21,5591,5537
0,"Конечни, Томас",2016-10-21 08:41,3435,4102
0,"Пулкраб, Матей",2016-10-21 07:56,6392,6960
0,"Сандоваль, Томас",2016-10-20 08:38,3282,3310
0,"Энтруп, Максимилиан",2016-10-20 07:56,5264,7228
0,"Сарр, Сиди",2016-10-19 09:08,3602,6250
0,"Бурнич, Дженис",2016-10-18 21:10,877,5265
0,"Маличек, Филипп",2016-10-18 08:59,3088,6816
0,"Рецос, Панайотис",2016-10-17 16:50,4439,5725
0,"Ламмерс, Сам",2016-10-15 20:43,2820,8454
0,"Хаверц, Кай",2016-10-15 20:22,2771,25944
0,"Айна, Ола",2016-10-15 13:31,971,6900
0,"Влитинк, Тибо",2016-10-15 09:07,3102,3906
0,"Кариколь, Аарон Мартин",2016-10-14 19:10,936,6913
0,"Маттис, Эрве",2016-10-11 12:15,3063,4685
0,"Рачич, Урош",2016-10-11 11:53,4433,6470
0,"Хейманс, Дан",2016-10-11 07:53,2074,3783
0,"Стратман, Боб",2016-10-11 07:38,2665,2925
0,"Нис, Максим",2016-10-10 12:45,1962,3462
0,"Ачимпонг, Джеффри",2016-10-10 12:27,3451,6002
0,"Хенгер, Адриан",2016-10-09 15:10,2878,2836
0,"Китано, Сэйя",2016-10-09 14:46,3732,3809
0,"Сойсало, Микаэль",2016-10-09 12:29,4569,7597
0,"Шиманьский, Себастиан",2016-10-09 08:50,2832,9334
0,"Вити",2016-10-09 07:11,3395,6567
0,"Марин, Рэзван",2016-10-08 20:18,5519,12222
0,"Эбишер, Мишель",2016-10-08 11:36,2325,4139
0,"Грот, Джей-Рой",2016-10-08 08:04,2869,10889
0,"Боссартс, Маттиас",2016-10-08 06:54,4042,4319
0,"Димата, Ландри",2016-10-07 10:21,4430,5173
0,"Хореманс, Сибе",2016-10-06 13:54,2931,4014
0,"Будква, Адин",2016-10-05 19:55,2490,3734
0,"Биссума, Ив",2016-10-05 16:25,4157,6959
0,"Агбалян, Гор",2016-10-05 14:53,3710,4100
0,"Аманг, Томас",2016-10-04 21:09,2974,4192
0,"Гордюшенко, Астемир Александрович",2016-10-02 17:52,643,11491
0,"Поати, Морган",2016-10-02 09:48,3335,4070
0,"Валенсия, Амильтон",2016-10-02 08:23,2077,3353
0,"Ломбарди, Кристиано",2016-10-02 01:10,763,6255
0,"Афиф, Акрам",2016-09-30 22:22,4116,9049
0,"Свендсен, Сандер",2016-09-30 21:54,5003,5876
0,"Свендсен, Тобиас Хаммер",2016-09-30 13:20,2848,5331
0,"Паредес, Кристиан",2016-09-30 13:03,3948,8042
0,"Санто, Тамаш",2016-09-29 09:48,3248,4596
0,"Кадиоглу, Ферди",2016-09-28 15:53,2404,5352
0,"Гаспар, Жорди",2016-09-27 21:20,1500,4018
0,"Шемпер, Адриан",2016-09-27 21:06,1275,6572
0,"Норден, Арно",2016-09-25 17:58,813,4365
0,"Шмидт, Никлас",2016-09-25 07:00,5014,6299
0,"Аразе, Кельвин",2016-09-24 17:20,2976,5405
0,"Карамо, Янн",2016-09-24 13:54,4075,6423
0,"Сейди, Мусса",2016-09-24 08:45,2938,3557
0,"Янкто, Якуб",2016-09-24 08:20,3083,14568
0,"Беррио, Мануэль",2016-09-24 07:11,1905,2710
0,"Юзвяк, Камиль",2016-09-23 20:57,4011,7331
0,"Ульссон, Симон",2016-09-23 19:58,3048,3654
0,"Мара, Мохамед",2016-09-23 18:29,2357,5266
0,"Моргадо, Бруно",2016-09-23 14:54,3412,3481
0,"Шлагер, Ксавер",2016-09-22 21:38,3369,6981
0,"Марсель, Венсан",2016-09-22 15:53,2598,3706
0,"Эн, Готье",2016-09-22 08:22,3724,4426
0,"Кубас, Адриан",2016-09-22 07:55,2693,8980
0,"Озджан, Салих",2016-09-21 21:47,3195,7000
0,"Матета, Жан-Филипп",2016-09-21 20:46,862,6996
0,"Тилль, Венсан",2016-09-21 20:35,899,16410
0,"Манне, Усман",2016-09-21 19:37,873,4662
0,"Самассеку, Диади",2016-09-21 11:38,2913,8031
0,"Диакаби, Адама",2016-09-20 09:27,2372,5849
0,"Алег, Алексис",2016-09-20 07:17,2601,5599
0,"Барко, Эсекьель",2016-09-19 17:05,2240,6460
0,"Мане, Алексис",2016-09-19 09:00,3260,4293
0,"Ромеро, Максимильяно",2016-09-18 19:58,2640,4862
0,"Тил, Гус",2016-09-18 16:29,3234,21242
0,"Лирола, Поль",2016-09-18 14:09,949,5941
0,"Сакор, Вайеба",2016-09-18 13:12,4916,7328
0,"Мбенза, Исаак",2016-09-18 10:11,3623,6876
0,"Арейтио, Маркел",2016-09-18 07:26,4155,4520
0,"Хорн, Яннес",2016-09-17 22:59,894,7331
0,"Мурджа, Алессандро",2016-09-17 22:30,711,3775
0,"Бринк, Марк",2016-09-17 08:39,4195,4475
0,"Мыстковский, Пшемыслав",2016-09-17 07:18,2749,5071
0,"Нельссон, Виктор",2016-09-16 20:35,3234,4189
0,"Кафаро, Матье",2016-09-11 10:23,3062,3216
0,"Дрешевич, Ибраим",2016-09-11 09:52,4424,4397
0,"Гарсия, Матео",2016-09-11 09:02,4010,5620
0,"Лундквист, Рамон",2016-09-10 20:46,881,6649
0,"Диакаби, Муктар",2016-09-10 15:19,819,4616
0,"Дюмфрис, Дензел",2016-09-10 08:43,2857,19352
0,"Пердомо, Лусиано",2016-09-10 07:56,3406,3429
0,"Вебер, Дмитрий Витальевич",2016-09-09 19:04,582,5447
0,"Лусамба, Арно",2016-09-09 08:01,5576,5629
0,"Сарр, Исмаила",2016-09-08 12:11,2740,6158
0,"Шаллаи, Роланд",2016-09-06 07:58,5847,10806
0,"Чжан Юйнин",2016-08-31 19:15,3973,5651
0,"Хогма, Юстин",2016-08-30 16:48,2218,4579
0,"Кессье, Франк",2016-08-29 12:24,2896,11365
0,"Мианг, Сенна",2016-08-29 10:07,2804,5308
0,"Филд, Сэм",2016-08-28 14:10,3753,5666
0,"Ампома, Нана",2016-08-28 09:37,2805,3831
0,"Хасполат, Догукан",2016-08-28 08:30,2467,5027
0,"Сарр, Маланг",2016-08-28 07:43,4776,7227
0,"Уинкс, Гарри",2016-08-27 15:02,462,8937
0,"Сова Аджей, Эммануэль",2016-08-27 08:42,3123,3319
0,"Эн-Несири, Юссеф",2016-08-27 07:36,1386,9522
0,"Рока, Марк",2016-08-26 20:51,724,6758
0,"Уртадо, Йормар",2016-08-26 19:50,2882,3290
0,"Ван дер Лели, Йерун",2016-08-26 13:39,3306,6333
0,"Андерсен, Йоаким",2016-08-25 09:11,4701,9148
0,"Йенсен, Фредрик",2016-08-24 07:33,3109,5617
0,"Анану, Фредерик",2016-08-23 13:40,2598,4686
0,"Меле, Йоаким",2016-08-23 11:41,1956,4863
0,"Торрейра, Лукас",2016-08-23 10:35,2651,8529
0,"Сен-Луи, Дилан",2016-08-21 16:53,410,6195
0,"Асоро, Йоэль",2016-08-21 16:08,786,4535
0,"Лопес, Максим",2016-08-21 15:57,779,5154
0,"Кьеза, Федерико",2016-08-20 20:40,745,11630
0,"Гонсалес Гутьеррес, Марио",2016-08-20 20:33,835,4989
0,"Ковалёв, Никита Александрович",2016-08-20 20:19,450,3258
0,"Н’Дорам, Кевин",2016-08-20 16:26,1142,4402
0,"Собхи, Рамадан",2016-08-20 13:48,526,5776
0,"Мёльвадгор, Маркус",2016-08-20 09:36,3126,3764
0,"Идрисси, Уссама",2016-08-20 07:58,4736,8663
0,"Бунюэль, Айтор",2016-08-19 22:10,2482,6415
0,"Идзик, Мариуш",2016-08-19 13:27,2378,3780
0,"Ван Дронгелен, Рик",2016-08-19 11:46,4479,6127
0,"Кастанер, Джерване",2016-08-18 21:47,4102,11822
0,"Аду, Келвин Амиан",2016-08-16 21:34,3232,5224
0,"Холдинг, Роб",2016-08-14 15:25,569,6496
0,"Батютин, Андрей Андреевич",2016-08-14 14:20,407,4830
0,"Сандлер, Филипп",2016-08-14 09:35,2907,10869
0,"Базен, Николя",2016-08-13 20:31,2631,3553
0,"Карлссон-Лагемюр, Патрик",2016-08-13 18:50,2640,3735
0,"Холгейт, Мейсон",2016-08-13 16:52,563,12723
0,"Саба, Лоусон",2016-08-12 20:18,2617,3461
0,"Грённинг, Себастьян",2016-08-12 10:17,2678,5167
0,"Кристенсен, Магнус",2016-08-12 09:42,2911,3475
0,"Сен Жюст, Джерри",2016-08-11 21:10,3084,7942
0,"Кошталь, Мартин",2016-08-11 07:11,2546,4305
0,"Рамселар, Барт",2016-08-10 21:23,3556,11435
0,"Прекоп, Эрик",2016-08-10 07:11,2164,4661
0,"Ауэян, Томас",2016-08-09 18:23,2943,5876
0,"Дольберг, Каспер",2016-08-09 18:09,3029,10980
0,"Колс, Дион",2016-08-08 21:37,2958,8004
0,"Куэста, Карлос",2016-08-08 17:41,2474,4142
0,"Берге, Сандер",2016-08-08 17:11,3034,7068
0,"Бартош, Якуб",2016-08-08 13:17,2730,4062
0,"Лотомба, Джордан",2016-08-08 12:34,3112,6834
0,"Траупе, Джованни",2016-08-07 07:40,3405,5722
0,"Корян, Аршак Рафаэльевич",2016-08-06 21:41,3061,18269
0,"Дуа, Квадво",2016-08-05 22:09,2682,3609
0,"Обексер, Линус",2016-08-04 08:26,2803,4827
0,"Абреу, Жуан",2016-08-04 07:46,4435,5862
0,"Карсдорп, Рик",2016-08-04 07:22,3890,14566
0,"Хаас, Николас",2016-08-03 10:01,3952,6469
0,"Иттен, Седрик",2016-08-03 07:10,4099,8572
0,"Хунцикер, Николас",2016-08-02 07:38,3736,6514
0,"Маркович, Иван",2016-08-02 07:14,2106,3416
0,"Сако, Микаэль",2016-08-01 20:15,2652,5366
0,"Трахсель, Колин",2016-08-01 10:44,2086,3771
0,"Феррейра, Роди Давид",2016-07-31 21:18,2847,5022
0,"Обляков, Иван Сергеевич",2016-07-31 15:28,508,23727
0,"Ганвула М’Бусси, Сильвер",2016-07-31 13:28,4292,6448
0,"Шмидт, Патрик",2016-07-30 23:32,2600,4298
0,"Смит, Эрик (футболист)",2016-07-30 18:59,2846,6178
0,"Думбия, Идрисса",2016-07-30 17:39,2799,6280
0,"Машаш, Зинедин",2016-07-30 14:08,2627,6062
0,"Оравец, Матей",2016-07-30 12:22,3926,7645
0,"Йирка, Эрик",2016-07-30 12:05,4371,5476
0,"Перейра, Жоэл",2016-07-30 11:14,5029,11049
0,"Гумний, Роберт",2016-07-30 10:27,2878,5781
0,"Димитриадис, Анастасиос",2016-07-29 16:26,2772,4929
0,"Галанопулос, Константинос",2016-07-29 15:53,2749,5174
0,"Башич, Тома",2016-07-29 15:35,3417,5888
0,"Танор, Коллинз",2016-07-29 14:02,2032,3283
0,"Свидерский, Кароль",2016-07-25 23:09,3353,6334
0,"Браат, Квентин",2016-07-24 20:52,3430,4563
0,"Арит, Амин",2016-07-24 20:41,3701,14146
0,"Фюш, Жандо",2016-07-24 20:30,3411,5823
0,"Онгюэне, Жером",2016-07-24 20:24,3968,7244
0,"Айе, Флориан",2016-07-24 20:23,3772,6190
0,"Желен, Жереми",2016-07-24 20:22,3659,4891
0,"Поа, Денис-Вилл",2016-07-24 20:21,3957,6603
0,"Мишлен, Клеман",2016-07-24 20:20,3738,6117
0,"Донис, Анастасиос",2016-07-24 10:20,4932,12162
0,"Ингвартсен, Маркус",2016-07-24 08:35,4240,9721
0,"Кристенсен, Расмус",2016-07-24 07:48,4453,9081
0,"Уде, Мадука Кристофер",2016-07-23 22:43,4226,4511
0,"Барелла, Николо",2016-07-23 22:30,6091,9944
0,"Ван Берген, Митчелл",2016-07-23 08:45,4234,5774
0,"Кайринен, Каан",2016-07-22 23:14,6263,6662
0,"Бакуна, Жуниньо",2016-07-22 22:17,4757,5851
0,"Арожо, Алексис",2016-07-22 12:25,4757,5643
0,"Самба, Исса",2016-07-20 16:26,5382,5449
0,"Робертс, Тайлер",2016-07-20 09:54,3302,6738
0,"Рамбо, Жордан",2016-07-20 09:07,5359,5369
0,"Павар, Бенжамен",2016-07-20 08:12,5023,16600
0,"Михалик, Лукаш",2016-07-19 22:41,3109,4901
0,"Горник, Денис",2016-07-19 22:23,4302,4505
0,"Кпозо, Патрик",2016-07-19 08:11,3559,3761
0,"Буур, Оскар",2016-07-18 22:47,5083,5633
0,"Винагре, Рубен",2016-07-18 22:06,5616,7287
0,"Салле-Ламонж, Себастьян",2016-07-18 21:32,4865,6615
0,"Абубакар, Азума",2016-07-18 20:30,5599,6654
0,"Данже, Брэдли",2016-07-18 20:01,5267,5269
0,"Тюкосен, Мадс Дёр",2016-07-18 19:39,6907,7271
0,"Рибелен, Антони",2016-07-17 22:06,4658,4355
0,"Якубех, Адам",2016-07-17 21:06,5472,5545
0,"Кемен, Оливье",2016-07-17 14:04,5260,5339
0,"Бостан, Нюман",2016-07-17 13:06,5023,5695
0,"Перрен, Гаэтан",2016-07-17 10:29,4096,4991
0,"Вайкла, Андреас",2016-07-17 09:42,7108,7995
0,"Калулу, Альдо",2016-07-16 23:40,4483,4487
0,"Сванберг, Маттиас",2016-07-16 23:16,4676,6239
0,"Мауасса, Фету",2016-07-16 22:43,5624,5459
0,"Конья, Тимоте",2016-07-15 22:01,4728,5226
0,"Янчо, Денис",2016-07-15 21:44,4685,4832
0,"Пеликан, Максим",2016-07-15 21:17,4886,4954
0,"Дало, Диогу",2016-07-15 20:41,5133,16825
0,"Рен-Аделаид, Жефф",2016-07-15 19:00,5615,6699
0,"Дукуре, Мамаду",2016-07-15 18:26,6423,6351
0,"Сковгор, Андреас",2016-07-15 16:54,3635,5446
0,"Шаиби, Илье",2016-07-15 15:18,3467,5622
0,"Иконе, Жонатан",2016-07-14 17:21,5796,7340
0,"Жоржен, Алек",2016-07-13 11:41,6603,7330
0,"Каллесё, Миккель",2016-07-13 10:50,5129,5110
0,"Сантуш, Нуну",2016-07-13 10:11,7704,9277
0,"Овобовале, Сегюн",2016-07-12 21:58,5649,5380
0,"Дуэлунд, Миккель",2016-07-10 12:43,5738,8025
0,"Калу, Самуэль",2016-07-09 19:36,4370,4554
0,"Леливелд, Юлиан",2016-07-09 16:22,5000,5987
0,"Ньяньон, Жорис",2016-07-09 13:30,3605,4864
0,"Гояк, Амер",2016-07-09 11:03,6493,11851
0,"Нильссон, Густав",2016-07-08 20:50,6622,9112
0,"Ммаэ, Райан",2016-07-08 19:51,4913,5600
0,"Торреальба, Бриан",2016-07-08 17:54,4100,4053
0,"Бертаччини, Паолино",2016-07-08 10:19,3526,5818
0,"Калик, Энтони",2016-07-08 09:51,5951,8578
0,"Фавилли, Андреа (футболист)",2016-07-07 19:46,5188,5916
0,"Мба, Чигози Эммануэль",2016-07-07 18:55,3706,3954
0,"Корлу, Резан",2016-07-07 15:18,2776,6409
0,"Хальсе, Никлас",2016-07-07 14:02,2924,4911
0,"Стюклер, Даниэль",2016-07-07 12:23,6330,6506
0,"Хацидиакос, Пантелис",2016-07-07 11:04,5995,6245
0,"Мия, Фарук",2016-07-07 09:13,4287,8026
0,"Михлик, Якуб",2016-07-06 22:06,4766,5448
0,"Ганцко, Давид",2016-07-06 20:24,4117,5481
0,"Ван дер Хейден, Деннис",2016-07-06 17:41,4023,5368
0,"Нкунку, Кристофер",2016-07-06 15:23,2699,9617
0,"Субельдия, Игор",2016-07-06 13:52,3378,6297
0,"Дикс, Кевин",2016-07-05 19:07,5359,8425
0,"Бенкович, Филип",2016-07-05 16:02,4587,6706
0,"Шполярич, Йосип",2016-07-05 15:30,4639,4543
0,"Резе, Фабиан",2016-07-05 12:14,4223,6884
0,"Тетте, Бенджамин",2016-07-05 11:34,5504,7382
0,"Пюэль, Полен",2016-07-05 10:56,4734,5215
0,"Раньери, Антони",2016-07-05 10:27,3521,3931
0,"Кватенг, Энок",2016-07-05 09:20,4936,5774
0,"Диоп, Исса",2016-07-04 21:35,5164,8502
0,"Версхурен, Арно",2016-07-04 20:26,4509,6225
0,"Теки, Тесфальдет",2016-07-04 19:35,5126,5546
0,"Боскальи, Оливье",2016-07-04 14:23,4484,5724
0,"Бенедетти, Николас",2016-07-04 13:37,3149,5441
0,"Панико, Джузеппе",2016-07-04 12:55,4822,5627
0,"Аети, Альбиан",2016-07-04 10:20,4938,9605
0,"Дагерстоль, Филип",2016-07-03 13:57,4167,5991
0,"Арнольд, Ремо",2016-07-03 13:14,4705,5186
0,"Оджо, Шейи",2016-07-03 09:08,4808,10132
0,"Миттельштадт, Максимилиан",2016-07-02 20:53,5163,5673
0,"Валло, Кристиан",2016-07-02 13:39,3630,3556
0,"Томори, Фикайо",2016-07-02 09:13,4838,15081
0,"Схюрман, Яри",2016-07-01 21:19,6330,7016
0,"Риндеркнехт, Нико",2016-07-01 20:23,4189,4475
0,"Роберта, Найджел",2016-07-01 19:29,5254,7115
0,"Оберлен, Димитри",2016-07-01 10:04,6135,8137
0,"Тер Авест, Хидде",2016-06-30 18:28,6197,6285
0,"Турчин, Томислав",2016-06-30 17:29,5493,5505
0,"Кейн, Лоренцо",2016-06-30 10:41,7267,7406
0,"Вильмотс, Рено",2016-06-30 09:56,4340,4901
0,"Хефти, Сильван",2016-06-30 08:53,4373,4334
0,"Ингельссон, Сванте",2016-06-29 19:38,5328,5214
0,"Кеккин, Лука",2016-06-29 16:51,3162,3105
0,"Тузар, Люка",2016-06-29 15:54,5377,6924
0,"Бентивенья, Аккурсио",2016-06-29 13:48,4633,6523
0,"Хейнен, Брайан",2016-06-29 10:09,4200,4243
0,"Аластра, Фабрицио",2016-06-29 09:45,4852,5033
0,"Пеццелла, Джузеппе",2016-06-29 09:21,4703,5067
0,"Де Медина, Натан",2016-06-28 20:48,4078,4269
0,"Лукебакио, Доди",2016-06-28 20:03,4826,10189
0,"Лейя Исека, Аарон",2016-06-28 17:02,4976,18950
0,"Ваутерс, Дрис",2016-06-28 15:01,4786,4736
0,"Маганьич, Йосип",2016-06-28 12:23,5592,6218
0,"Ла Гумина, Антонио",2016-06-28 11:27,4194,4423
0,"Макленнан, Коннор",2016-06-28 10:31,5009,5118
0,"Юханссон, Карл (футболист)",2016-06-27 20:40,5259,5933
0,"Пью, Алессандро",2016-06-27 19:54,4790,5477
0,"Дьюссе, Ассан",2016-06-27 19:23,5032,7354
0,"Понтиссо, Симоне",2016-06-27 17:02,3667,4023
0,"Пеллегрини, Лоренцо",2016-06-27 16:14,5885,8041
0,"Делла Джованна, Фабио",2016-06-27 15:00,4861,4682
0,"Ди Ливио, Лоренцо",2016-06-27 10:04,3504,5303
0,"Упамекано, Дайо",2016-06-27 08:20,7340,10250
0,"Жанвье, Николя",2016-06-26 20:18,5984,6525
0,"Яйич, Душан",2016-06-26 19:45,5232,6210
0,"Лейва, Ерко",2016-06-26 19:14,3551,4063
0,"Садик, Умар",2016-06-26 18:18,6193,8574
0,"Эдера, Симоне",2016-06-26 16:01,4404,4612
0,"Хепберн-Мерфи, Рашиан",2016-06-26 13:48,4997,5801
0,"Вильяльба, Фран",2016-06-26 11:04,6470,7362
0,"Бала, Алико",2016-06-25 23:46,3915,4502
0,"Гобитака, Фадель",2016-06-25 22:57,3914,3906
0,"Диавара, Амаду",2016-06-25 22:30,6310,7858
0,"Джёрджев, Никола",2016-06-25 21:33,4968,6137
0,"Бейли, Леон",2016-06-25 09:48,5982,13275
0,"Кассьерра, Матео",2016-06-25 08:19,5058,13822
0,"Шулек, Мартин",2016-06-24 23:43,4688,4787
0,"Аджапонг, Клод",2016-06-24 23:10,4088,5737
0,"Пикель, Шарль",2016-06-24 21:50,5936,5936
0,"Сабович, Бесард",2016-06-24 15:02,3974,6381
0,"Тумминелло, Марко",2016-06-24 12:24,5219,6888
0,"Бенеш, Ласло",2016-06-24 09:40,3307,6784
0,"Леко, Джонатан",2016-06-23 21:19,6168,10995
0,"Альпсой, Харун",2016-06-23 18:50,4512,5613
0,"Бамерт, Ян",2016-06-23 18:09,3630,5709
0,"Кюмарт, Эрай",2016-06-23 17:17,5073,7827
0,"Перейра, Педру",2016-06-23 16:09,5415,6090
0,"Ливолан, Джереми",2016-06-23 14:39,4236,3930
0,"Ферати, Арианит",2016-06-23 13:46,7077,9462
0,"Вада, Валентин",2016-06-22 20:42,3627,4514
0,"Диалло, Абду",2016-06-22 20:13,6348,8150
0,"Гувара, Леон",2016-06-22 19:36,5378,7361
0,"Хартель, Марцель",2016-06-22 12:43,4297,5389
0,"Бернардони, Поль",2016-06-22 11:54,6163,9141
0,"Мультхауп, Морис",2016-06-22 10:35,5121,5708
0,"Паркер, Деванте",2016-06-22 10:07,4392,4137
0,"Линнер, Оскар",2016-06-22 09:38,4015,5387
0,"Вальквист, Линус",2016-06-22 09:13,6437,6326
0,"Вальдшмидт, Лука",2016-06-21 23:19,5430,8838
0,"Исак, Александер",2016-06-21 22:25,4951,12271
0,"Дирсен, Тим",2016-06-21 18:52,4459,4468
0,"Сегуин, Пауль",2016-06-21 18:23,4423,6312
0,"Баумгартль, Тимо",2016-06-21 17:53,6006,7817
0,"Клюнтер, Лукас",2016-06-21 16:48,3583,4716
0,"Сен-Максимен, Аллан",2016-06-21 16:07,5379,6662
0,"Нюбель, Александер",2016-06-21 15:30,3221,11846
0,"Хенрикс, Беньямин",2016-06-21 11:01,5050,10973
0,"Окс, Филипп",2016-06-21 10:31,4728,5980
0,"Шульц, Марвин",2016-06-21 10:12,4280,4363
0,"Сердар, Суат",2016-06-20 23:18,4338,5011
0,"Путаро, Леандро",2016-06-20 20:59,5082,7779
0,"Филдер, Принс",2012-10-21 11:16,14327,16349
0,"Круз, Тони",2012-10-20 16:39,4622,5670
0,"Линсекам, Тим",2012-10-20 11:16,9295,18085
0,"Бамгарнер, Мэдисон",2012-10-20 07:14,7039,9419
0,"Кейн, Мэтт (бейсболист)",2012-10-20 06:07,10752,12546
0,"Ржепчински, Марк",2012-10-20 03:11,6435,7899
0,"Чеймберс, Адрон",2012-10-19 18:50,5156,5769
0,"Шумейкер, Скип",2012-10-19 18:02,6529,7913
0,"Робинсон, Шейн (бейсболист)",2012-10-16 03:13,6251,7595
0,"Белт, Брэндон",2012-10-15 03:12,5589,6694
0,"Боггс, Митчелл",2012-10-14 18:17,5653,6991
0,"Поузи, Бастер",2012-10-14 14:05,8936,12945
0,"Мухика, Эдвард",2012-10-14 11:51,7372,9452
0,"Лоуш, Кайл",2012-10-14 10:29,10097,12285
0,"Линн, Лэнс",2012-10-13 17:49,6124,7260
0,"Дескальсо, Дениэл",2012-10-13 16:59,8853,10964
0,"Беркман, Лэнс",2012-10-09 19:28,15210,18506
0,"Уайнрайт, Адам",2012-10-07 15:22,10946,12583
0,"Розенталь, Тревор",2012-10-06 21:52,3944,5812
0,"Паркер, Джаррод",2012-10-06 18:39,5947,6578
0,"Бельтран, Карлос",2012-10-06 14:18,20383,23124
0,"Мотт, Джейсон",2012-10-05 20:14,5572,6590
0,"Холлидэй, Мэтт",2012-10-05 19:07,13281,16008
0,"Келли, Джо (бейсболист)",2012-10-01 15:09,4436,6153
0,"Джей, Джон (бейсбол)",2012-10-01 14:33,5303,6739
0,"Карпентер, Крис",2012-10-01 11:32,14867,16482
0,"Козма, Пит",2012-09-30 14:47,4591,4744
0,"Молина, Ядьер",2012-09-30 11:22,7006,8077
0,"Карпентер, Мэтт",2012-09-27 10:18,4684,5822
0,"Крейг, Аллен",2012-09-14 13:20,5690,6544
0,"Фриз, Дэвид",2012-04-14 09:24,5171,6576
0,"Рупп, Лукас",2011-08-14 17:19,6655,8490
0,"Вестергор, Янник",2011-08-12 19:56,7629,11310
0,"Роберто Фирмино",2011-08-11 14:30,5043,16237
0,"Кайзер, Доминик",2011-08-10 18:14,6499,8588
0,"Шипплок, Свен",2011-08-10 14:22,8499,10825
0,"Петерсен, Нильс",2011-08-08 08:37,3176,17016
0,"Тер Стеген, Марк-Андре",2011-08-07 21:31,6615,37094
0,"Ласогга, Пьер-Мишель",2011-08-06 18:25,6451,10344
0,"Млапа, Пениель",2011-08-06 12:16,8689,13237
0,"Лёве, Крис",2011-08-05 20:38,6032,8291
0,"Станиславски, Хольгер",2011-08-04 10:39,9095,10922
0,"Томалла, Денис",2011-08-03 20:57,6395,7356
0,"Фуртадо де Араужо, Ронни Эберсон",2011-08-03 10:55,9791,11373
0,"Каэтано ди Араужо, Рафаэл",2011-08-02 19:52,9838,13174
0,"Шорх, Кристофер",2011-08-01 19:23,10147,12334
0,"Йюттнер, Роберт",2011-08-01 13:42,8034,8251
0,"Артс, Майкел",2011-07-31 20:59,8407,10062
0,"Торун, Тунай",2011-07-28 21:20,10414,16101
0,"Гюндоган, Илкай",2011-07-28 10:19,6782,31131
0,"Замок Райдт",2011-07-27 20:58,5352,5618
0,"Кох, Юлиан",2011-07-24 11:08,8705,11714
0,"Перишич, Иван",2011-07-24 09:46,10857,46951
0,"Янчке, Тони",2010-08-08 08:33,6869,6932
0,"Шахтен, Себастьян",2010-08-08 07:08,7882,9014
0,"Фронцек, Михаэль",2010-08-05 09:26,8236,17481
0,"Нойштедтер, Роман Петрович",2010-08-04 09:21,7370,31735
0,"Баргфреде, Филипп",2010-08-03 19:56,6572,6218
0,"Бобадилья, Рауль",2010-08-03 16:37,6996,11217
0,"Беккер, Фабиан",2010-08-02 21:44,6835,10616
0,"Брауверс, Рул",2010-08-02 08:38,7761,9225
0,"Альберман, Галь",2010-08-01 08:37,8547,10507
0,"Коста Сантос, Данте Бонфин",2010-07-31 09:22,8691,11645
0,"Ройс, Марко",2010-07-29 12:59,4289,52164
0,"Дорда, Кристиан",2010-07-27 16:19,5407,7000
0,"Жорес, Жан-Себастьян",2010-07-27 13:44,7639,8532
0,"Де Камарго, Игор",2010-07-27 09:18,7632,7992
0,"Херрман, Патрик",2010-07-26 20:17,6714,8413
0,"Байи, Логан",2010-07-26 09:31,8850,10198
0,"Хаймерот, Кристофер",2010-07-25 16:26,6975,6810
0,"Дамс, Филип",2010-07-25 09:42,12000,13245
0,"Калльсен-Бракер, Ян-Ингвер",2010-07-24 21:21,9822,9945
0,"Маркс, Торбен",2010-07-24 15:58,8208,8867
0,"Меувис, Марсел",2010-07-24 10:47,6653,8581
0,"Левельс, Тобиас",2010-07-23 21:17,6477,7251
0,"Рангник, Ральф",2010-07-23 14:47,8314,97885
0,"Айхнер, Кристиан",2010-07-22 20:18,6621,7299
0,"Хердлинг, Кай",2010-07-22 16:27,6515,10615
0,"Гульде, Мануэль",2010-07-21 20:56,6213,7245
0,"Грос, Паскаль",2010-07-21 19:52,4754,6972
0,"Вукчевич, Борис",2010-07-21 14:45,4993,7426
0,"Хаас, Даниель",2010-07-21 13:17,6834,7211
0,"Террацино, Марко",2010-07-21 12:09,4436,7627
0,"Райтала, Юкка",2010-07-21 10:31,7295,19675
0,"Яйссле, Маттиас",2010-07-20 18:02,4738,8657
0,"Майкосуэл, Режиналдо",2010-07-20 16:06,6369,8109
0,"Штарке, Том",2010-07-19 17:05,2834,12535
0,"Вайс, Тобиас",2010-07-19 13:59,10590,10952
0,"Кулльман, Кристофер",2010-07-19 11:23,5530,5651
0,"Озтекин, Ясин",2010-07-19 09:55,5057,10728
0,"Гётце, Марио",2010-07-18 21:07,5620,118660
0,"Крепость Бихисхаузен",2010-07-18 14:08,2558,2744
0,"Ле Таллек, Дамьен",2010-07-18 09:46,6632,12088
0,"Бендер, Свен",2010-07-17 18:56,7179,10135
0,"Кагава, Синдзи",2010-07-17 09:29,6357,19741
0,"Сантана, Фелипе",2010-07-16 21:39,5210,8640
0,"Хайналь, Тамаш",2010-07-16 09:40,9390,10418
0,"Штиперман, Марко",2010-07-15 21:23,6671,9582
0,"Рангелов, Димитр",2010-07-15 19:25,8814,11415
0,"Хельмер, Томас",2010-07-13 12:59,10475,13277
0,"Фойльнер, Маркус",2010-07-12 17:37,8261,10294
0,"Шмельцер, Марсель",2010-07-10 17:07,4390,12651
0,"Пфлюглер, Ханс",2010-07-10 09:04,4834,10966
0,"Гросскройц, Кевин",2010-07-09 20:20,4341,17036
0,"Милль, Франк",2010-07-09 09:44,12066,29527
0,"Вотава, Мирослав",2010-07-08 18:43,10524,16752
0,"Иммель, Айке",2010-07-07 17:14,8307,9311
0,"Дельхайе, Карл",2010-07-06 18:27,7851,10230
0,"Кальц, Манфред",2010-07-06 09:51,9412,10987
0,"Фёрстер, Бернд",2010-07-05 21:38,8843,10571
0,"Диц, Бернард",2010-07-05 10:20,14481,16865
0,"The Wolves Go Hunt Their Prey",2010-07-04 20:39,2478,2449
0,"Циммерман, Херберт",2010-07-04 20:08,9644,9698
0,"Мюллер, Ханси",2010-07-04 18:20,13647,13790
0,"Фёрстер, Карл-Хайнц",2010-07-04 14:02,8777,10390
0,"Херманн, Гюнтер",2010-07-04 12:28,7556,10367
0,"Ран, Уве",2010-07-03 08:49,8063,13368
0,"Штайнер, Пауль",2010-07-02 18:01,9130,10800
0,"Шобер, Матиас",2010-07-02 15:12,9222,10524
0,"Set Sail to Mystery",2010-07-02 13:25,2599,2652
0,"Самбрано, Карлос (футболист)",2010-07-02 12:15,6441,10819
0,"Штрайт, Альберт",2010-07-02 09:02,9145,10212
0,"Шмиц, Лукас",2010-06-30 16:28,5787,7037
0,"Латца, Данни",2010-06-30 12:23,4695,5763
0,"Мориц, Кристоф",2010-06-30 11:32,5580,7977
0,"Региниуссен, Торе",2010-06-30 10:25,9420,11727
0,"Моравек, Ян",2010-06-29 20:37,7828,9809
0,"Ибраими, Бесарт",2010-06-29 14:23,8006,11493
0,"Ауманн, Раймонд",2010-06-29 12:09,7890,8597
0,"Хёведес, Бенедикт",2010-06-28 17:36,6495,24337
0,"Бурхерт, Саша",2010-06-28 16:06,6831,7967
0,"Байн, Уве",2010-06-28 11:06,21962,24539
0,"A Whisper of Dew",2010-06-27 19:37,2769,
0,"Мнари, Джавар",2010-06-27 17:45,8133,8346
0,"Франц, Майк",2010-06-26 14:30,7207,8791
0,"Фидлер, Кристиан",2010-06-26 09:37,5301,6460
0,"Прец, Михаэль",2010-06-25 17:25,9125,15535
0,"Эдди, Ли",2010-06-25 11:46,3313,4455
0,"Сарпей, Ханс",2010-06-21 10:17,2100,10280
0,"Ворса, Айзек",2010-06-19 17:35,3905,5854
0,"Madhouse (альбом)",2010-06-19 14:03,2272,
0,"Sybreed",2010-06-16 11:17,5175,11006
0,"Зимба, Ешей",2010-06-15 20:35,2298,4883
0,"Raintime",2010-06-15 18:07,5720,5312
0,"Faith Divides Us – Death Unites Us",2010-06-14 09:36,4197,8565
0,"Curse of the Red River",2010-06-13 09:33,2787,3180
0,"Barren Earth",2010-06-13 08:22,2795,3584
0,"Volturna",2010-06-12 09:01,2488,
0,"Лакруа, Морган",2010-06-07 17:21,2807,
0,"Mandragora Scream",2010-06-07 16:11,5747,6607
0,"Хасселькопф",2010-06-06 08:42,1427,1744
0,"Фридрих, Мануэль",2009-09-20 08:02,6161,7780
0,"Шефер, Рафаэль",2009-09-17 12:59,5799,5877
0,"Рамос, Адриан",2009-09-16 11:28,3100,6492
0,"Гентнер, Кристиан",2009-09-16 11:01,5717,7838
0,"Бёртон, Роберт (политик)",2009-09-15 18:35,1265,2297
0,"Юдт, Юри",2009-09-15 15:11,2674,4408
0,"Шупо-Мотинг, Эрик",2009-09-14 09:27,3975,27234
0,"Кринге, Флориан",2009-09-13 07:35,4414,5151
0,"Риссе, Марсель",2009-09-09 08:32,3777,5654
0,"Dagoba",2009-09-09 07:27,2321,6423
0,"The Old Dead Tree",2009-09-07 09:20,3009,2946
0,"Буньяку, Альберт",2009-09-02 10:47,3266,17921
0,"Марох, Доминик",2009-09-02 10:28,3179,5942
0,"Дикмайер, Деннис",2009-09-02 09:53,3133,6113
0,"Айглер, Кристиан",2009-09-01 13:11,3042,21208
0,"Клюге, Пер",2009-09-01 12:56,3245,5364
0,"Фандер, Кристиан",2009-09-01 11:42,2911,6796
0,"Хусеинович, Саид",2009-09-01 11:06,2353,6462
0,"Андерсен, Никлас (футболист)",2009-09-01 07:21,3596,7259
0,"Пертель, Тимо",2009-09-01 06:39,3099,4091
0,"Йенсен, Даниэль",2009-09-01 06:18,4703,6508
0,"Нимайер, Петер",2009-08-28 08:08,3178,8957
0,"Мюллер, Томас",2009-08-27 10:02,2600,111054
0,"Пейчинович, Неманья",2009-08-27 09:22,3171,10977
0,"Вихнярек, Артур",2009-08-27 08:59,4135,12708
0,"Бенгтссон, Расмус",2009-08-26 08:27,2656,31378
0,"Дельпьер, Маттье",2009-08-26 08:07,3828,5851
0,"Шимак, Ян",2009-08-26 07:47,4484,6854
0,"Ридле, Алессандро",2009-08-25 08:37,3137,5474
0,"Шибер, Юлиан",2009-08-25 08:18,2343,5782
0,"Треш, Кристиан",2009-08-25 08:05,3562,3903
0,"Осорио, Рикардо",2009-08-25 07:47,3742,4511
0,"Хедира, Сами",2009-08-24 14:45,3165,30520
0,"Ульрайх, Свен",2009-08-24 14:24,2566,13909
0,"Руди, Себастьян",2009-08-24 09:54,2935,15552
0,"Бока, Артур",2009-08-24 09:39,4318,7382
0,"Гебхарт, Тимо",2009-08-24 09:16,4695,6133
0,"Ланиг, Мартин",2009-08-23 10:56,3314,7149
0,"Нидермайер, Георг",2009-08-23 10:38,2683,6983
0,"Таски, Сердар",2009-08-23 10:24,4427,42450
0,"Фухсек",2009-08-23 08:31,1008,2826
0,"Диас, Луис Густаво",2009-08-17 10:12,2559,8871
0,"Карлос Эдуардо",2009-08-17 09:56,4067,21990
0,"Фалкан да Силва, Элсон",2009-08-17 09:30,4389,6300
0,"Аугусто, Ренато",2009-08-07 11:19,5867,12662
0,"Аугенталер, Клаус",2009-08-06 15:06,5893,8702
0,"Юнгханс, Вальтер",2009-07-24 10:29,3531,4385
0,"Гросс, Фолькмар",2009-07-24 10:06,2876,8262
0,"Хорниг, Хайнц",2009-07-23 08:55,3184,2636
0,"Бёме, Йорг",2009-07-23 08:28,5566,12779
0,"Янкер, Кристоф",2009-07-22 13:58,5455,6277
0,"Ремер, Марко",2009-07-22 13:00,4549,5219
0,"Боде, Марко",2009-07-22 08:34,10938,14348
0,"Вольтер, Хорст",2009-07-22 07:21,4672,5603
0,"Манглиц, Манфред",2009-07-22 06:57,3073,3347
0,"Дитрих, Петер",2009-07-21 09:48,4258,8327
0,"Зилофф, Клаус-Дитер",2009-07-21 09:13,6574,12412
0,"Хельд, Зигфрид",2009-07-21 08:18,7183,8593
0,"Лоренц, Макс (футболист)",2009-07-20 08:54,3812,8980
0,"Патцке, Бернд",2009-07-20 08:23,3963,4933
0,"Либуда, Райнхард",2009-07-20 07:49,4454,4298
0,"Фихтель, Клаус",2009-07-16 11:07,2875,4386
0,"Шульц, Вилли",2009-07-16 10:40,3652,3379
0,"Вебер, Вольфганг",2009-07-16 10:04,3713,3537
0,"Лёр, Ханнес",2009-07-16 09:32,4599,8260
0,"Кремерс, Эрвин",2009-07-16 09:00,3405,3706
0,"Кёппель, Хорст",2009-07-15 07:04,7680,10921
0,"Белла, Михаэль",2009-07-15 05:36,3500,3483
0,"Нигбур, Норберт",2009-07-13 11:24,3521,3715
0,"Кремерс, Хельмут",2009-07-13 10:58,3588,6530
0,"Хёльценбайн, Бернд",2009-07-13 10:23,5727,10528
0,"Клефф, Вольфганг",2009-07-11 08:32,5149,6295
0,"Рамелов, Карстен",2009-07-10 15:26,4584,9024
0,"Херцог, Дитер",2009-07-10 11:44,3663,8788
0,"Капелльман, Юпп",2009-07-10 09:06,4783,4321
0,"Виммер, Херберт",2009-07-10 07:50,6911,8874
0,"Хёттгес, Хорст-Дитер",2009-07-10 06:35,6238,9379
0,"Грабовски, Юрген",2009-07-09 09:44,3550,9674
0,"Шварценбек, Ханс-Георг",2009-07-09 08:59,6659,7030
0,"Кошта, Рикарду",2009-07-08 07:57,4240,7502
0,"Шефер, Марсель",2009-07-08 06:54,3617,9496
0,"Алвин, Родриго",2009-07-05 09:52,2977,5872
0,"Зауэр, Гуннар",2009-07-03 09:10,3165,6373
0,"Магнуссон, Бенно",2009-07-03 08:16,3006,3490
0,"Мадлунг, Александер",2009-07-03 07:06,4174,6098
0,"Влахина",2009-07-03 06:31,931,1737
0,"Боатенг, Жером",2009-07-02 09:42,5867,38986
0,"Билер, Паскаль",2009-07-02 08:29,2554,6481
